transaction_id,customer_id,product_id,category,quantity,amount,event_time
B001,C001,P001,Electronics,1,25000,2026-10-01 09:00:00
B002,C002,P002,Electronics,2,24000,2026-10-01 09:05:00
B003,C001,P003,Fashion,3,4500,2026-10-01 09:10:00
B004,C003,P001,Electronics,1,25000,2026-10-01 09:15:00
B005,C002,P004,Home,2,6000,2026-10-01 09:20:00
B006,C001,P002,Electronics,1,12000,2026-10-01 09:25:00
B007,C003,P003,Fashion,2,3000,2026-10-01 09:30:00
B008,C002,P005,Sports,1,8000,2026-10-01 09:35:00
B009,C001,P001,Electronics,1,25000,2026-10-01 09:40:00
B010,C003,P004,Home,3,9000,2026-10-01 09:45:00
